"0.966469884","0.023355158"
"0.958209395","0.023469253"
"0.945950806","0.023583904"
"0.937865674","0.023699109"
"0.929849625","0.023814883"
"0.917953849","0.023931224"
"0.910108030","0.024048131"
"0.898464799","0.024165604"
"0.890785515","0.024283659"
"0.883171916","0.024402289"
"0.871873260","0.024521491"
"0.864421308","0.024641283"
"0.853362560","0.024761660"
"0.846068799","0.024882618"
"0.838837385","0.025004175"
"0.828105927","0.025126318"
"0.821028054","0.025249064"
"0.810524404","0.025372410"
"0.803596795","0.025496352"
"0.796728313","0.025620906"
"0.789918602","0.025746062"
"0.779812992","0.025871836"
"0.773147881","0.025998225"
"0.766539693","0.026125224"
"0.756733179","0.026252851"
"0.750265300","0.026381100"
"0.743852735","0.026509969"
"0.737494946","0.026639475"
"0.728060007","0.026769614"
"0.721837163","0.026900388"
"0.715667546","0.027031794"
"0.706511915","0.027163850"
"0.700473249","0.027296551"
"0.694486260","0.027429890"
"0.688550413","0.027563890"
"0.679741621","0.027698545"
"0.673931777","0.027833859"
"0.668171585","0.027969824"
"0.659623563","0.028106460"
"0.653985679","0.028243767"
"0.648396015","0.028381735"
"0.642854095","0.028520385"
"0.634629905","0.028659711"
"0.629205704","0.028799711"
"0.623827815","0.028940404"
"0.615846992","0.029081782"
"0.610583305","0.029223844"
"0.605364561","0.029366609"
"0.600190461","0.029510070"
"0.592512131","0.029654231"
"0.587447822","0.029799089"
"0.582426846","0.029944664"
"0.577448785","0.030090949"
"0.570061386","0.030237939"
"0.565189004","0.030385658"
"0.560358286","0.030534089"
"0.553189516","0.030683253"
"0.548461318","0.030833146"
"0.543773532","0.030983763"
"0.536816955","0.031135125"
"0.532228708","0.031287216"
"0.527679682","0.031440061"
"0.523169577","0.031593651"
"0.516476572","0.031747982"
"0.512062192","0.031903077"
"0.507685542","0.032058928"
"0.501190603","0.032215543"
"0.496906877","0.032372914"
"0.492659748","0.032531060"
"0.488448948","0.032689981"
"0.482200116","0.032849669"
"0.478078693","0.033010144"
"0.473992497","0.033171404"
"0.469941258","0.033333443"
"0.463929176","0.033496283"
"0.459963948","0.033659913"
"0.456032574","0.033824347"
"0.452134818","0.033989582"
"0.446350574","0.034155618"
"0.442535549","0.034322474"
"0.438753128","0.034490138"
"0.435003072","0.034658629"
"0.429437965","0.034827944"
"0.425767511","0.034998074"
"0.422128439","0.035169046"
"0.418520480","0.035340853"
"0.413166255","0.035513490"
"0.409634888","0.035686977"
"0.406133682","0.035861317"
"0.402662426","0.036036506"
"0.397511065","0.036212541"
"0.394113511","0.036389444"
"0.390744984","0.036567215"
"0.387405246","0.036745843"
"0.382449090","0.036925353"
"0.379180253","0.037105739"
"0.375939369","0.037287008"
"0.371129870","0.037469149"
"0.367957801","0.037652194"
"0.364812821","0.037836131"
"0.360145688","0.038020957"
"0.357067466","0.038206697"
"0.354015589","0.038393345"
"0.350989789","0.038580891"
"0.346499473","0.038769364"
"0.343537927","0.038958762"
"0.340601653","0.039149072"
"0.336244285","0.039340321"
"0.333370358","0.039532505"
"0.330521017","0.039725628"
"0.326292574","0.039919686"
"0.323503733","0.040114701"
"0.320738703","0.040310670"
"0.317997336","0.040507581"
"0.313929111","0.040705469"
"0.311245918","0.040904310"
"0.308585674","0.041104134"
"0.304637879","0.041304938"
"0.302034110","0.041506708"
"0.299452603","0.041709475"
"0.296893150","0.041913223"
"0.293094933","0.042117976"
"0.290589809","0.042323731"
"0.288106114","0.042530477"
"0.285643637","0.042738248"
"0.281989336","0.042947032"
"0.279579133","0.043156836"
"0.277189553","0.043367650"
"0.274820387","0.043579511"
"0.271304548","0.043792404"
"0.268985689","0.044006325"
"0.266686648","0.044221304"
"0.264407188","0.044437334"
"0.261024594","0.044654407"
"0.258793592","0.044872552"
"0.256581634","0.045091763"
"0.254388601","0.045312032"
"0.251134187","0.045533389"
"0.248987734","0.045755826"
"0.246859610","0.045979351"
"0.244749680","0.046203956"
"0.241618544","0.046429671"
"0.239553407","0.046656489"
"0.237505913","0.046884403"
"0.235475928","0.047113441"
"0.232463405","0.047343586"
"0.230476514","0.047574867"
"0.228506610","0.047807280"
"0.225583270","0.048040811"
"0.962330759","0.048040811"
"0.223655194","0.048275501"
"0.954105616","0.048275501"
"0.221743584","0.048511323"
"0.941899538","0.048511323"
"0.219848320","0.048748307"
"0.933849037","0.048748307"
"0.217035756","0.048986454"
"0.925867379","0.048986454"
"0.215180725","0.049225748"
"0.917953849","0.049225748"
"0.213341549","0.049466223"
"0.906210244","0.049466223"
"0.211518109","0.049707875"
"0.898464799","0.049707875"
"0.208812103","0.049950708"
"0.890785515","0.049950708"
"0.207027361","0.050194710"
"0.883171916","0.050194710"
"0.205257878","0.050439920"
"0.871873260","0.050439920"
"0.202631980","0.050686330"
"0.864421308","0.050686330"
"0.200900063","0.050933927"
"0.853362560","0.050933927"
"0.199182943","0.051182751"
"0.846068799","0.051182751"
"0.197480515","0.051432785"
"0.838837385","0.051432785"
"0.194954097","0.051684029"
"0.831667721","0.051684029"
"0.193287805","0.051936515"
"0.824559391","0.051936515"
"0.191635758","0.052190237"
"0.814010620","0.052190237"
"0.189184114","0.052445181"
"0.807053149","0.052445181"
"0.187567145","0.052701384"
"0.800155163","0.052701384"
"0.185963988","0.052958839"
"0.789918602","0.052958839"
"0.183584914","0.053217553"
"0.783167124","0.053217553"
"0.182015792","0.053477515"
"0.776473284","0.053477515"
"0.180460081","0.053738765"
"0.766539693","0.053738765"
"0.178917676","0.054001287"
"0.759988010","0.054001287"
"0.177388445","0.054265078"
"0.753492296","0.054265078"
"0.175119072","0.054530174"
"0.747052133","0.054530174"
"0.173622310","0.054796547"
"0.740666986","0.054796547"
"0.172138348","0.055064239"
"0.734336436","0.055064239"
"0.170667067","0.055333238"
"0.724941909","0.055333238"
"0.168483689","0.055603534"
"0.718745768","0.055603534"
"0.167043641","0.055875167"
"0.709550738","0.055875167"
"0.165615901","0.056148112"
"0.703486085","0.056148112"
"0.164200366","0.056422409"
"0.694486260","0.056422409"
"0.162796929","0.056698039"
"0.688550413","0.056698039"
"0.160714224","0.056975007"
"0.682665288","0.056975007"
"0.159340590","0.057253338"
"0.676830471","0.057253338"
"0.157978684","0.057533033"
"0.671045542","0.057533033"
"0.155957639","0.057814091"
"0.665310025","0.057814091"
"0.154624641","0.058096506"
"0.656798542","0.058096506"
"0.153303057","0.058380321"
"0.651184857","0.058380321"
"0.151992753","0.058665518"
"0.642854095","0.058665518"
"0.150048286","0.058952093"
"0.637359560","0.058952093"
"0.148765802","0.059240084"
"0.631911993","0.059240084"
"0.147494286","0.059529483"
"0.623827815","0.059529483"
"0.146233633","0.059820279"
"0.618495822","0.059820279"
"0.144362822","0.060112514"
"0.613209486","0.060112514"
"0.143128932","0.060406171"
"0.607968330","0.060406171"
"0.141905606","0.060701251"
"0.602771997","0.060701251"
"0.140692711","0.060997788"
"0.595060587","0.060997788"
"0.138892800","0.061295774"
"0.589974523","0.061295774"
"0.137705669","0.061595213"
"0.584931970","0.061595213"
"0.136528686","0.061896101"
"0.577448785","0.061896101"
"0.135361761","0.062198475"
"0.572513282","0.062198475"
"0.133630052","0.062502325"
"0.567619979","0.062502325"
"0.132487908","0.062807642"
"0.560358286","0.062807642"
"0.131355524","0.063114472"
"0.555568874","0.063114472"
"0.129675061","0.063422777"
"0.550820351","0.063422777"
"0.128566712","0.063732609"
"0.546112418","0.063732609"
"0.127467841","0.064043954"
"0.541444719","0.064043954"
"0.125837117","0.064356804"
"0.534517884","0.064356804"
"0.124761574","0.064671196"
"0.529949307","0.064671196"
"0.123695225","0.064987108"
"0.525419772","0.064987108"
"0.122637987","0.065304585"
"0.518698037","0.065304585"
"0.121069051","0.065623611"
"0.514264643","0.065623611"
"0.120034263","0.065944172"
"0.509869158","0.065944172"
"0.119008318","0.066266321"
"0.505511284","0.066266321"
"0.117485821","0.066590048"
"0.501190603","0.066590048"
"0.116481654","0.066915348"
"0.496906877","0.066915348"
"0.115486078","0.067242227"
"0.490549833","0.067242227"
"0.114008635","0.067570716"
"0.486357033","0.067570716"
"0.113034196","0.067900814"
"0.480134964","0.067900814"
"0.112068079","0.068232499"
"0.476031214","0.068232499"
"0.111110225","0.068565831"
"0.471962541","0.068565831"
"0.110160552","0.068900786"
"0.465924621","0.068900786"
"0.108751245","0.069237359"
"0.461942315","0.069237359"
"0.107821733","0.069575593"
"0.457994044","0.069575593"
"0.106900170","0.069915488"
"0.454079509","0.069915488"
"0.105986483","0.070257016"
"0.450198442","0.070257016"
"0.105080612","0.070600234"
"0.444438964","0.070600234"
"0.103736289","0.070945129"
"0.440640271","0.070945129"
"0.102849633","0.071291707"
"0.436874062","0.071291707"
"0.101970568","0.071639962"
"0.431285053","0.071639962"
"0.101099014","0.071989939"
"0.427598804","0.071989939"
"0.099805631","0.072341621"
"0.423944086","0.072341621"
"0.098952584","0.072695002"
"0.420320600","0.072695002"
"0.098106824","0.073050134"
"0.414943337","0.073050134"
"0.096851721","0.073406972"
"0.411396772","0.073406972"
"0.096023925","0.073765583"
"0.407880515","0.073765583"
"0.095203198","0.074125938"
"0.404394329","0.074125938"
"0.094389483","0.074488036"
"0.399220824","0.074488036"
"0.093582727","0.074851923"
"0.395808637","0.074851923"
"0.092385501","0.075217567"
"0.392425627","0.075217567"
"0.091595873","0.075585023"
"0.387405246","0.075585023"
"0.090812996","0.075954266"
"0.384094059","0.075954266"
"0.090036809","0.076325297"
"0.380811155","0.076325297"
"0.088884950","0.076698162"
"0.377556324","0.076698162"
"0.088125236","0.077072844"
"0.374329329","0.077072844"
"0.087372027","0.077449359"
"0.371129870","0.077449359"
"0.086625248","0.077827692"
"0.366381943","0.077827692"
"0.085517034","0.078207895"
"0.363250434","0.078207895"
"0.084786110","0.078589953"
"0.358603299","0.078589953"
"0.084061429","0.078973860"
"0.355538249","0.078973860"
"0.083342955","0.079359658"
"0.352499425","0.079359658"
"0.082276724","0.079747342"
"0.347989827","0.079747342"
"0.081573501","0.080136903"
"0.345015526","0.080136903"
"0.080876283","0.080528386"
"0.342066646","0.080528386"
"0.079841614","0.080921784"
"0.339142978","0.080921784"
"0.079159200","0.081317075"
"0.336244285","0.081317075"
"0.078482620","0.081714325"
"0.331942618","0.081714325"
"0.077811822","0.082113512"
"0.329105496","0.082113512"
"0.076816358","0.082514651"
"0.326292574","0.082514651"
"0.076159798","0.082917728"
"0.322118253","0.082917728"
"0.075508855","0.083322801"
"0.319365084","0.083322801"
"0.074542850","0.083729848"
"0.316635430","0.083729848"
"0.073905729","0.084138855"
"0.313929111","0.084138855"
"0.073274046","0.084549889"
"0.309912950","0.084549889"
"0.072647765","0.084962934"
"0.307264090","0.084962934"
"0.071718365","0.085377991"
"0.304637879","0.085377991"
"0.071105383","0.085795052"
"0.302034110","0.085795052"
"0.070497639","0.086214177"
"0.298170120","0.086214177"
"0.069895089","0.086635351"
"0.295621634","0.086635351"
"0.069000907","0.087058559"
"0.293094933","0.087058559"
"0.068411149","0.087483853"
"0.289345294","0.087483853"
"0.067826428","0.087911226"
"0.286872238","0.087911226"
"0.067246713","0.088340670"
"0.284420311","0.088340670"
"0.066386409","0.088772230"
"0.281989336","0.088772230"
"0.065818995","0.089205869"
"0.279579133","0.089205869"
"0.065256439","0.089641660"
"0.277189553","0.089641660"
"0.064698681","0.090079576"
"0.273643404","0.090079576"
"0.063870981","0.090519607"
"0.271304548","0.090519607"
"0.063325070","0.090961806"
"0.267833680","0.090961806"
"0.062783822","0.091406152"
"0.265544504","0.091406152"
"0.062247202","0.091852687"
"0.263274819","0.091852687"
"0.061715171","0.092301399"
"0.259906679","0.092301399"
"0.060925633","0.092752285"
"0.257685244","0.092752285"
"0.060404897","0.093205392"
"0.255482763","0.093205392"
"0.059888609","0.093660720"
"0.253299147","0.093660720"
"0.059376735","0.094118245"
"0.251134187","0.094118245"
"0.058617115","0.094578028"
"0.247921392","0.094578028"
"0.058116108","0.095040061"
"0.245802373","0.095040061"
"0.057619385","0.095504351"
"0.243701473","0.095504351"
"0.057126906","0.095970877"
"0.240583748","0.095970877"
"0.056396071","0.096439712"
"0.238527462","0.096439712"
"0.055914048","0.096910842"
"0.236488745","0.096910842"
"0.055436142","0.097384237"
"0.233463287","0.097384237"
"0.054962326","0.097859979"
"0.231467828","0.097859979"
"0.054259181","0.098338045"
"0.229489446","0.098338045"
"0.053795408","0.098818414"
"0.227527976","0.098818414"
"0.053335611","0.099301159"
"0.225583270","0.099301159"
"0.052879747","0.099786267"
"0.222697333","0.099786267"
"0.052203245","0.100273713"
"0.220793918","0.100273713"
"0.051757071","0.100763567"
"0.217969254","0.100763567"
"0.051314700","0.101255797"
"0.216106251","0.101255797"
"0.050658219","0.101750441"
"0.214259163","0.101750441"
"0.050225239","0.102247506"
"0.212427869","0.102247506"
"0.049795959","0.102746993"
"0.210612223","0.102746993"
"0.049158908","0.103248917"
"0.207917824","0.103248917"
"0.048738740","0.103753306"
"0.206140727","0.103753306"
"0.048322167","0.104260147"
"0.204378828","0.104260147"
"0.047909152","0.104769461"
"0.202631980","0.104769461"
"0.047499668","0.105281264"
"0.200039655","0.105281264"
"0.046891995","0.105795585"
"0.198329896","0.105795585"
"0.046491206","0.106312394"
"0.196634755","0.106312394"
"0.046093840","0.106831737"
"0.194119170","0.106831737"
"0.045504149","0.107353628"
"0.192460015","0.107353628"
"0.045115210","0.107878059"
"0.190815032","0.107878059"
"0.044729605","0.108405061"
"0.189184114","0.108405061"
"0.044347297","0.108934626"
"0.187567145","0.108934626"
"0.043779954","0.109466776"
"0.185167551","0.109466776"
"0.043405760","0.110001542"
"0.183584914","0.110001542"
"0.043034766","0.110538900"
"0.182015792","0.110538900"
"0.042666946","0.111078903"
"0.179687217","0.111078903"
"0.042121097","0.111621529"
"0.178151414","0.111621529"
"0.041761085","0.112166807"
"0.176628739","0.112166807"
"0.041404147","0.112714760"
"0.175119072","0.112714760"
"0.041050263","0.113265380"
"0.172878742","0.113265380"
"0.040525097","0.113818683"
"0.171401128","0.113818683"
"0.040178727","0.114374690"
"0.169936150","0.114374690"
"0.039835315","0.114933431"
"0.168483689","0.114933431"
"0.039494839","0.115494892"
"0.166328236","0.115494892"
"0.039157271","0.116059087"
"0.164906606","0.116059087"
"0.038822591","0.116626054"
"0.163497135","0.116626054"
"0.038325924","0.117195778"
"0.161405489","0.117195778"
"0.037998348","0.117768288"
"0.160025939","0.117768288"
"0.037673574","0.118343607"
"0.158658177","0.118343607"
"0.037351575","0.118921719"
"0.157302111","0.118921719"
"0.036873728","0.119502671"
"0.155957639","0.119502671"
"0.036558565","0.120086446"
"0.154624641","0.120086446"
"0.036246095","0.120673075"
"0.152646497","0.120673075"
"0.035936296","0.121262588"
"0.151341811","0.121262588"
"0.035629142","0.121854961"
"0.149405673","0.121854961"
"0.035173330","0.122450240"
"0.148128688","0.122450240"
"0.034872703","0.123048417"
"0.146862611","0.123048417"
"0.034574643","0.123649515"
"0.145607367","0.123649515"
"0.034279127","0.124253564"
"0.143744558","0.124253564"
"0.033840589","0.124860547"
"0.142515957","0.124860547"
"0.033551350","0.125470504"
"0.141297862","0.125470504"
"0.033264581","0.126083449"
"0.140090168","0.126083449"
"0.032980267","0.126699373"
"0.138892800","0.126699373"
"0.032558344","0.127318293"
"0.137115926","0.127318293"
"0.032280065","0.127940252"
"0.135943979","0.127940252"
"0.032004163","0.128565267"
"0.134204820","0.128565267"
"0.031730618","0.129193306"
"0.133057758","0.129193306"
"0.031459413","0.129824430"
"0.131920502","0.129824430"
"0.031056948","0.130458638"
"0.130792961","0.130458638"
"0.030791501","0.131095931"
"0.129119694","0.131095931"
"0.030528322","0.131736353"
"0.128016099","0.131736353"
"0.030267393","0.132379889"
"0.126921922","0.132379889"
"0.029880177","0.133026585"
"0.125837117","0.133026585"
"0.029624788","0.133676425"
"0.124227256","0.133676425"
"0.029371582","0.134329438"
"0.123165473","0.134329438"
"0.029120540","0.134985670"
"0.122112766","0.134985670"
"0.028871644","0.135645077"
"0.121069051","0.135645077"
"0.028502282","0.136307701"
"0.119520187","0.136307701"
"0.028258670","0.136973590"
"0.118498638","0.136973590"
"0.028017141","0.137642711"
"0.117485821","0.137642711"
"0.027777676","0.138315111"
"0.116481654","0.138315111"
"0.027422309","0.138990805"
"0.115486078","0.138990805"
"0.027187929","0.139669776"
"0.114008635","0.139669776"
"0.026955551","0.140352070"
"0.113034196","0.140352070"
"0.026725158","0.141037703"
"0.112068079","0.141037703"
"0.026383258","0.141726688"
"0.110634372","0.141726688"
"0.026157757","0.142419025"
"0.109688766","0.142419025"
"0.025934184","0.143114761"
"0.108751245","0.143114761"
"0.025712522","0.143813893"
"0.107821733","0.143813893"
"0.025492756","0.144516438"
"0.106442347","0.144516438"
"0.025274865","0.145222425"
"0.105532579","0.145222425"
"0.024951519","0.145931840"
"0.104630575","0.145931840"
"0.024738256","0.146644726"
"0.103736289","0.146644726"
"0.024526816","0.147361115"
"0.102409154","0.147361115"
"0.024317183","0.148080975"
"0.101533853","0.148080975"
"0.024109341","0.148804381"
"0.100666031","0.148804381"
"0.023800906","0.149531290"
"0.099378191","0.149531290"
"0.023597477","0.150261760"
"0.098528795","0.150261760"
"0.023395786","0.150995821"
"0.097686663","0.150995821"
"0.023195820","0.151733443"
"0.096851721","0.151733443"
"0.022997564","0.152474687"
"0.096023925","0.152474687"
"0.022703350","0.153219521"
"0.095203198","0.153219521"
"0.022509303","0.153968006"
"0.093985237","0.153968006"
"0.022316914","0.154720172"
"0.093181938","0.154720172"
"0.022126168","0.155475989"
"0.091989845","0.155475989"
"0.021937054","0.156235516"
"0.091203593","0.156235516"
"0.021656409","0.156998739"
"0.090424068","0.156998739"
"0.021471309","0.157765672"
"0.089267254","0.157765672"
"0.021287791","0.158536389"
"0.088504277","0.158536389"
"0.021105843","0.159310848"
"0.087747820","0.159310848"
"0.020835824","0.160089090"
"0.086997837","0.160089090"
"0.020657739","0.160871133"
"0.086254254","0.160871133"
"0.020481175","0.161657020"
"0.085150786","0.161657020"
"0.020306122","0.162446722"
"0.084422991","0.162446722"
"0.020132562","0.163240284"
"0.083701424","0.163240284"
"0.019875007","0.164037734"
"0.082630612","0.164037734"
"0.019705134","0.164839074"
"0.081924357","0.164839074"
"0.019536711","0.165644318"
"0.081224144","0.165644318"
"0.019369729","0.166453511"
"0.080529913","0.166453511"
"0.019121928","0.167266652"
"0.079841614","0.167266652"
"0.018958492","0.168083757"
"0.078820184","0.168083757"
"0.018796451","0.168904871"
"0.078146502","0.168904871"
"0.018635796","0.169729978"
"0.077478573","0.169729978"
"0.018476514","0.170559123"
"0.076487370","0.170559123"
"0.018240141","0.171392307"
"0.075833626","0.171392307"
"0.018084239","0.172229588"
"0.075185470","0.172229588"
"0.017929671","0.173070937"
"0.074223608","0.173070937"
"0.017776426","0.173916399"
"0.073589206","0.173916399"
"0.017549003","0.174766004"
"0.072960235","0.174766004"
"0.017399009","0.175619751"
"0.072336636","0.175619751"
"0.017250299","0.176477656"
"0.071718365","0.176477656"
"0.017029611","0.177339762"
"0.071105383","0.177339762"
"0.016884059","0.178206101"
"0.070195720","0.178206101"
"0.016739748","0.179076642"
"0.069595747","0.179076642"
"0.016596671","0.179951444"
"0.069000907","0.179951444"
"0.016454818","0.180830538"
"0.068118162","0.180830538"
"0.016244309","0.181713894"
"0.067535952","0.181713894"
"0.016105467","0.182601586"
"0.066958711","0.182601586"
"0.015967812","0.183493629"
"0.066386409","0.183493629"
"0.015831333","0.184389994"
"0.065537117","0.184389994"
"0.015696021","0.185290754"
"0.064976960","0.185290754"
"0.015561866","0.186195925"
"0.064421594","0.186195925"
"0.015362780","0.187105507"
"0.063870981","0.187105507"
"0.015231472","0.188019514"
"0.063053861","0.188019514"
"0.015101288","0.188938007"
"0.062514938","0.188938007"
"0.014972215","0.189861000"
"0.061980616","0.189861000"
"0.014844246","0.190788478"
"0.061187685","0.190788478"
"0.014717370","0.191720486"
"0.060664706","0.191720486"
"0.014529089","0.192657083"
"0.060146198","0.192657083"
"0.014404907","0.193598211"
"0.059632123","0.193598211"
"0.014281786","0.194543973"
"0.059122439","0.194543973"
"0.014159719","0.195494339"
"0.058617115","0.195494339"
"0.013978570","0.196449339"
"0.057867214","0.196449339"
"0.013859094","0.197409019"
"0.057372618","0.197409019"
"0.013740639","0.198373377"
"0.056638636","0.198373377"
"0.013623197","0.199342459"
"0.056154542","0.199342459"
"0.013506757","0.200316265"
"0.055674583","0.200316265"
"0.013391314","0.201294810"
"0.055198725","0.201294810"
"0.013219995","0.202278182"
"0.054492556","0.202278182"
"0.013107003","0.203266323"
"0.054026805","0.203266323"
"0.012994977","0.204259276"
"0.053565018","0.204259276"
"0.012883907","0.205257088"
"0.053107191","0.205257088"
"0.012773787","0.206259817"
"0.052653279","0.206259817"
"0.012610369","0.207267404"
"0.051979672","0.207267404"
"0.012502587","0.208279908"
"0.051535413","0.208279908"
"0.012395727","0.209297404"
"0.051094934","0.209297404"
"0.012289778","0.210319817"
"0.050441265","0.210319817"
"0.012184736","0.211347252"
"0.050010137","0.211347252"
"0.012028854","0.212379709"
"0.049582697","0.212379709"
"0.011926043","0.213417202"
"0.049158908","0.213417202"
"0.011824110","0.214459777"
"0.048738740","0.214459777"
"0.011723048","0.215507418"
"0.048115216","0.215507418"
"0.011622850","0.216560185"
"0.047703970","0.216560185"
"0.011474156","0.217618123"
"0.047296241","0.217618123"
"0.011376086","0.218681201"
"0.046691168","0.218681201"
"0.011278853","0.219749495"
"0.046292096","0.219749495"
"0.011182452","0.220822975"
"0.045896433","0.220822975"
"0.011086874","0.221901715"
"0.045504149","0.221901715"
"0.010945037","0.222985744"
"0.044921994","0.222985744"
"0.010851488","0.224075034"
"0.044538040","0.224075034"
"0.010758740","0.225169659"
"0.044157371","0.225169659"
"0.010666784","0.226269647"
"0.043779954","0.226269647"
"0.010575614","0.227374986"
"0.043405760","0.227374986"
"0.010485223","0.228485718"
"0.042850461","0.228485718"
"0.010351083","0.229601875"
"0.042484213","0.229601875"
"0.010262611","0.230723530"
"0.042121097","0.230723530"
"0.010174896","0.231850624"
"0.041582234","0.231850624"
"0.010087930","0.232983217"
"0.041226827","0.232983217"
"0.010001708","0.234121382"
"0.040874455","0.234121382"
"0.009916222","0.235265076"
"0.040525097","0.235265076"
"0.009831467","0.236414358"
"0.040178727","0.236414358"
"0.009747436","0.237569258"
"0.039835315","0.237569258"
"0.009622735","0.238729820"
"0.039325692","0.238729820"
"0.009540489","0.239896029"
"0.038989570","0.239896029"
"0.009458945","0.241067931"
"0.038490769","0.241067931"
"0.009378099","0.242245600"
"0.038161784","0.242245600"
"0.009297943","0.243428975"
"0.037835613","0.243428975"
"0.009218473","0.244618133"
"0.037351575","0.244618133"
"0.009139681","0.245813131"
"0.037032325","0.245813131"
"0.009061564","0.247013941"
"0.036715806","0.247013941"
"0.008945637","0.248220652"
"0.036401995","0.248220652"
"0.008869178","0.249433219"
"0.036090862","0.249433219"
"0.008793372","0.250651717"
"0.035629142","0.250651717"
"0.008718214","0.251876205"
"0.035324618","0.251876205"
"0.008643699","0.253106624"
"0.035022695","0.253106624"
"0.008569820","0.254343092"
"0.034574643","0.254343092"
"0.008496573","0.255585581"
"0.034279127","0.255585581"
"0.008423952","0.256834120"
"0.033986140","0.256834120"
"0.008351952","0.258088797"
"0.033695657","0.258088797"
"0.008280567","0.259349585"
"0.033264581","0.259349585"
"0.008209792","0.260616511"
"0.032980267","0.260616511"
"0.008104762","0.261889666"
"0.032698382","0.261889666"
"0.008035490","0.263169020"
"0.032418903","0.263169020"
"0.007966810","0.264454603"
"0.032004163","0.264454603"
"0.007898717","0.265746474"
"0.031730618","0.265746474"
"0.007831206","0.267044693"
"0.031459413","0.267044693"
"0.007764271","0.268349200"
"0.031056948","0.268349200"
"0.007697910","0.269660115"
"0.030791501","0.269660115"
"0.007632115","0.270977437"
"0.030528322","0.270977437"
"0.007566882","0.272301197"
"0.030267393","0.272301197"
"0.007502208","0.273631424"
"0.030008696","0.273631424"
"0.007406230","0.274968117"
"0.029752208","0.274968117"
"0.007342928","0.276311368"
"0.029371582","0.276311368"
"0.007280168","0.277661204"
"0.029120540","0.277661204"
"0.007217943","0.279017568"
"0.028747994","0.279017568"
"0.007156251","0.280380636"
"0.028502282","0.280380636"
"0.007095085","0.281750292"
"0.028258670","0.281750292"
"0.007034443","0.283126652"
"0.028017141","0.283126652"
"0.006974319","0.284509778"
"0.027658712","0.284509778"
"0.006914709","0.285899639"
"0.027422309","0.285899639"
"0.006855608","0.287296265"
"0.027187929","0.287296265"
"0.006797012","0.288699716"
"0.026955551","0.288699716"
"0.006738918","0.290110081"
"0.026725158","0.290110081"
"0.006652705","0.291527271"
"0.026383258","0.291527271"
"0.006595844","0.292951405"
"0.026157757","0.292951405"
"0.006539469","0.294382513"
"0.025934184","0.294382513"
"0.006483575","0.295820594"
"0.025602402","0.295820594"
"0.006428159","0.297265679"
"0.025383577","0.297265679"
"0.006373217","0.298717886"
"0.025166621","0.298717886"
"0.006318745","0.300177127"
"0.024951519","0.300177127"
"0.006264738","0.301643491"
"0.024738256","0.301643491"
"0.006211192","0.303117096"
"0.024526816","0.303117096"
"0.006158105","0.304597825"
"0.024213038","0.304597825"
"0.006105471","0.306085795"
"0.024006087","0.306085795"
"0.006053287","0.307581037"
"0.023800906","0.307581037"
"0.006001549","0.309083641"
"0.023496415","0.309083641"
"0.005950253","0.310593516"
"0.023295589","0.310593516"
"0.005899395","0.312110782"
"0.023096479","0.312110782"
"0.005848973","0.313635498"
"0.022899071","0.313635498"
"0.005798981","0.315167636"
"0.022606118","0.315167636"
"0.005749417","0.316707253"
"0.022412902","0.316707253"
"0.005700276","0.318254411"
"0.022221336","0.318254411"
"0.005651555","0.319809079"
"0.022031408","0.319809079"
"0.005603251","0.321371377"
"0.021749556","0.321371377"
"0.005555359","0.322941333"
"0.021563660","0.322941333"
"0.005507877","0.324518919"
"0.021379353","0.324518919"
"0.005460800","0.326104224"
"0.021105843","0.326104224"
"0.005414126","0.327697277"
"0.020925444","0.327697277"
"0.005367851","0.329298079"
"0.020746591","0.329298079"
"0.005321972","0.330906749"
"0.020569269","0.330906749"
"0.005276484","0.332523227"
"0.020393461","0.332523227"
"0.005231386","0.334147662"
"0.020219155","0.334147662"
"0.005186672","0.335779995"
"0.019960493","0.335779995"
"0.005142341","0.337420315"
"0.019789888","0.337420315"
"0.005098389","0.339068651"
"0.019620743","0.339068651"
"0.005054813","0.340725005"
"0.019369729","0.340725005"
"0.005011609","0.342389494"
"0.019204175","0.342389494"
"0.004968774","0.344062090"
"0.019040035","0.344062090"
"0.004926305","0.345742851"
"0.018877298","0.345742851"
"0.004884197","0.347431839"
"0.018715952","0.347431839"
"0.004842451","0.349129081"
"0.018476514","0.349129081"
"0.004801062","0.350834608"
"0.018318594","0.350834608"
"0.004760027","0.352548480"
"0.018162023","0.352548480"
"0.004719343","0.354270697"
"0.018006790","0.354270697"
"0.004679006","0.356001347"
"0.017776426","0.356001347"
"0.004639014","0.357740432"
"0.017624484","0.357740432"
"0.004599364","0.359488040"
"0.017473845","0.359488040"
"0.004560053","0.361244172"
"0.017250299","0.361244172"
"0.004521077","0.363008887"
"0.017102858","0.363008887"
"0.004482436","0.364782214"
"0.016956680","0.364782214"
"0.004444124","0.366564214"
"0.016811749","0.366564214"
"0.004406139","0.368354917"
"0.016668057","0.368354917"
"0.004368480","0.370154351"
"0.016525593","0.370154351"
"0.004331142","0.371962607"
"0.016314177","0.371962607"
"0.004294123","0.373779684"
"0.016174739","0.373779684"
"0.004257423","0.375605613"
"0.016036492","0.375605613"
"0.004221035","0.377440482"
"0.015831333","0.377440482"
"0.004202957","0.379284322"
"0.015696021","0.379284322"
"0.004167034","0.381137133"
"0.015561866","0.381137133"
"0.004131418","0.382999033"
"0.015428857","0.382999033"
"0.004096104","0.384870023"
"0.015296984","0.384870023"
"0.004061094","0.386750132"
"0.015166240","0.386750132"
"0.004026384","0.388639450"
"0.014972215","0.388639450"
"0.003991970","0.390538007"
"0.014844246","0.390538007"
"0.003957850","0.392445832"
"0.014717370","0.392445832"
"0.003924021","0.394362926"
"0.014529089","0.394362926"
"0.003890483","0.396289438"
"0.014404907","0.396289438"
"0.003857230","0.398225367"
"0.014281786","0.398225367"
"0.003840711","0.400170714"
"0.014159719","0.400170714"
"0.003807884","0.402125597"
"0.013978570","0.402125597"
"0.003775338","0.404090017"
"0.013859094","0.404090017"
"0.003743069","0.406064034"
"0.013740639","0.406064034"
"0.003711077","0.408047676"
"0.013623197","0.408047676"
"0.003679358","0.410041034"
"0.013448912","0.410041034"
"0.003647910","0.412044138"
"0.013333962","0.412044138"
"0.003632287","0.414056987"
"0.013219995","0.414056987"
"0.003601242","0.416079700"
"0.013050869","0.416079700"
"0.003570462","0.418112308"
"0.012939323","0.418112308"
"0.003539945","0.420154810"
"0.012828729","0.420154810"
"0.003509688","0.422207296"
"0.012719080","0.422207296"
"0.003479691","0.424269825"
"0.012610369","0.424269825"
"0.003449949","0.426342398"
"0.012502587","0.426342398"
"0.003420462","0.428425133"
"0.012342638","0.428425133"
"0.003405813","0.430518061"
"0.012237145","0.430518061"
"0.003376703","0.432621181"
"0.012080592","0.432621181"
"0.003347842","0.434734553"
"0.011977338","0.434734553"
"0.003319228","0.436858267"
"0.011874967","0.436858267"
"0.003290858","0.438992381"
"0.011773470","0.438992381"
"0.003276764","0.441136867"
"0.011622850","0.441136867"
"0.003248758","0.443291873"
"0.011523508","0.443291873"
"0.003220990","0.445457369"
"0.011425016","0.445457369"
"0.003193460","0.447633475"
"0.011327364","0.447633475"
"0.003166165","0.449820220"
"0.011230549","0.449820220"
"0.003139104","0.452017605"
"0.011086874","0.452017605"
"0.003125660","0.454225779"
"0.010992114","0.454225779"
"0.003098944","0.456444681"
"0.010898163","0.456444681"
"0.003072458","0.458674461"
"0.010758740","0.458674461"
"0.003046197","0.460915148"
"0.010666784","0.460915148"
"0.003020161","0.463166744"
"0.010575614","0.463166744"
"0.002994347","0.465429366"
"0.010485223","0.465429366"
"0.002981523","0.467703044"
"0.010395605","0.467703044"
"0.002956040","0.469987810"
"0.010306752","0.469987810"
"0.002930774","0.472283721"
"0.010174896","0.472283721"
"0.002905725","0.474590868"
"0.010087930","0.474590868"
"0.002893280","0.476909310"
"0.009958873","0.476909310"
"0.002868551","0.479239047"
"0.009873753","0.479239047"
"0.002844033","0.481580168"
"0.009789362","0.481580168"
"0.002831853","0.483932734"
"0.009705691","0.483932734"
"0.002807649","0.486296773"
"0.009581524","0.486296773"
"0.002783652","0.488672376"
"0.009499630","0.488672376"
"0.002771730","0.491059572"
"0.009418435","0.491059572"
"0.002748040","0.493458450"
"0.009337935","0.493458450"
"0.002724552","0.495869070"
"0.009258123","0.495869070"
"0.002712884","0.498291403"
"0.009139681","0.498291403"
"0.002689696","0.500725627"
"0.009061564","0.500725627"
"0.002666707","0.503171682"
"0.008945637","0.503171682"
"0.002655286","0.505629718"
"0.008869178","0.505629718"
"0.002632591","0.508099794"
"0.008793372","0.508099794"
"0.002610090","0.510581851"
"0.008718214","0.510581851"
"0.002598912","0.513076127"
"0.008606681","0.513076127"
"0.002576699","0.515582561"
"0.008533118","0.515582561"
"0.002554676","0.518101215"
"0.008460185","0.518101215"
"0.002543735","0.520632207"
"0.008387875","0.520632207"
"0.002521993","0.523175538"
"0.008280567","0.523175538"
"0.002500437","0.525731325"
"0.008209792","0.525731325"
"0.002489729","0.528299510"
"0.008139622","0.528299510"
"0.002468449","0.530880332"
"0.008035490","0.530880332"
"0.002457877","0.533473730"
"0.007966810","0.533473730"
"0.002436869","0.536079764"
"0.007898717","0.536079764"
"0.002416041","0.538698554"
"0.007831206","0.538698554"
"0.002405694","0.541330159"
"0.007731020","0.541330159"
"0.002385132","0.543974578"
"0.007664942","0.543974578"
"0.002374917","0.546631992"
"0.007599429","0.546631992"
"0.002354619","0.549302280"
"0.007534476","0.549302280"
"0.002344534","0.551985681"
"0.007438085","0.551985681"
"0.002324495","0.554682195"
"0.007374511","0.554682195"
"0.002314540","0.557391882"
"0.007311481","0.557391882"
"0.002294758","0.560114801"
"0.007217943","0.560114801"
"0.002284930","0.562851012"
"0.007156251","0.562851012"
"0.002265400","0.565600574"
"0.007095085","0.565600574"
"0.002246038","0.568363607"
"0.007034443","0.568363607"
"0.002236419","0.571140110"
"0.006974319","0.571140110"
"0.002217304","0.573930144"
"0.006885095","0.573930144"
"0.002207808","0.576733887"
"0.006826248","0.576733887"
"0.002198352","0.579551280"
"0.006738918","0.579551280"
"0.002179563","0.582382441"
"0.006681319","0.582382441"
"0.002170228","0.585227430"
"0.006624213","0.585227430"
"0.002151679","0.588086307"
"0.006567596","0.588086307"
"0.002142464","0.590959191"
"0.006483575","0.590959191"
"0.002124152","0.593846083"
"0.006428159","0.593846083"
"0.002115055","0.596747041"
"0.006373217","0.596747041"
"0.002096978","0.599662244"
"0.006318745","0.599662244"
"0.002087997","0.602591634"
"0.006264738","0.602591634"
"0.002070150","0.605535328"
"0.006184591","0.605535328"
"0.002061284","0.608493388"
"0.006131731","0.608493388"
"0.002052457","0.611465991"
"0.006079323","0.611465991"
"0.002034914","0.614453018"
"0.006001549","0.614453018"
"0.002026199","0.617454648"
"0.005950253","0.617454648"
"0.002017521","0.620471001"
"0.005899395","0.620471001"
"0.002000277","0.623502076"
"0.005848973","0.623502076"
"0.001991711","0.626547933"
"0.005774145","0.626547933"
"0.001974687","0.629608691"
"0.005724793","0.629608691"
"0.001966230","0.632684350"
"0.005675863","0.632684350"
"0.001957810","0.635775089"
"0.005603251","0.635775089"
"0.001949425","0.638880908"
"0.005555359","0.638880908"
"0.001941076","0.642001927"
"0.005507877","0.642001927"
"0.001932763","0.645138144"
"0.005437413","0.645138144"
"0.001916243","0.648289680"
"0.005390939","0.648289680"
"0.001908037","0.651456654"
"0.005344862","0.651456654"
"0.001899865","0.654639065"
"0.005276484","0.654639065"
"0.001891728","0.657837033"
"0.005231386","0.657837033"
"0.001875560","0.661050677"
"0.005186672","0.661050677"
"0.001867527","0.664279938"
"0.005142341","0.664279938"
"0.001859529","0.667524993"
"0.005076554","0.667524993"
"0.001851565","0.670785964"
"0.005033164","0.670785964"
"0.001843636","0.674062788"
"0.004968774","0.674062788"
"0.001835740","0.677355647"
"0.004926305","0.677355647"
"0.001827878","0.680664599"
"0.004884197","0.680664599"
"0.001820049","0.683989704"
"0.004821713","0.683989704"
"0.001804493","0.687331080"
"0.004780501","0.687331080"
"0.001796765","0.690688729"
"0.004739641","0.690688729"
"0.001789070","0.694062769"
"0.004699131","0.694062769"
"0.001781408","0.697453320"
"0.004639014","0.697453320"
"0.001773779","0.700860441"
"0.004599364","0.700860441"
"0.001766182","0.704284251"
"0.004540524","0.704284251"
"0.001758618","0.707724690"
"0.004501715","0.707724690"
"0.001751086","0.711181998"
"0.004463239","0.711181998"
"0.001743587","0.714656174"
"0.004406139","0.714656174"
"0.001736120","0.718147337"
"0.004368480","0.718147337"
"0.001728684","0.721655548"
"0.004331142","0.721655548"
"0.001721281","0.725180924"
"0.004294123","0.725180924"
"0.001713909","0.728723526"
"0.004239190","0.728723526"
"0.001706569","0.732283354"
"0.004202957","0.732283354"
"0.001699260","0.735860646"
"0.004149188","0.735860646"
"0.001691983","0.739455402"
"0.004113722","0.739455402"
"0.001684736","0.743067741"
"0.004061094","0.743067741"
"0.001677521","0.746697664"
"0.004026384","0.746697664"
"0.001670337","0.750345349"
"0.003991970","0.750345349"
"0.001670337","0.754010856"
"0.003940899","0.754010856"
"0.001663183","0.757694244"
"0.003907216","0.757694244"
"0.001656060","0.761395633"
"0.003873821","0.761395633"
"0.001648968","0.765115142"
"0.003840711","0.765115142"
"0.001641906","0.768852770"
"0.003791576","0.768852770"
"0.001634874","0.772608697"
"0.003759169","0.772608697"
"0.001634874","0.776382923"
"0.003711077","0.776382923"
"0.001627872","0.780175626"
"0.003679358","0.780175626"
"0.001620901","0.783986866"
"0.003632287","0.783986866"
"0.001620901","0.787816703"
"0.003601242","0.787816703"
"0.001613959","0.791665256"
"0.003555170","0.791665256"
"0.001607047","0.795532644"
"0.003524784","0.795532644"
"0.001607047","0.799418867"
"0.003479691","0.799418867"
"0.001600164","0.803324103"
"0.003449949","0.803324103"
"0.001593311","0.807248414"
"0.003405813","0.807248414"
"0.001593311","0.811191916"
"0.003376703","0.811191916"
"0.001593311","0.815154612"
"0.003333505","0.815154612"
"0.001586487","0.819136739"
"0.003290858","0.819136739"
"0.001586487","0.823138297"
"0.003262731","0.823138297"
"0.001579693","0.827159405"
"0.003220990","0.827159405"
"0.001579693","0.831200182"
"0.003193460","0.831200182"
"0.001579693","0.835260630"
"0.003152605","0.835260630"
"0.001572927","0.839340985"
"0.003125660","0.839340985"
"0.001572927","0.843441188"
"0.003085673","0.843441188"
"0.001566191","0.847561538"
"0.003059299","0.847561538"
"0.001566191","0.851701915"
"0.003020161","0.851701915"
"0.001566191","0.855862558"
"0.002981523","0.855862558"
"0.001566191","0.860043526"
"0.002943380","0.860043526"
"0.001566191","0.864244938"
"0.002918222","0.864244938"
"0.001566191","0.868466854"
"0.002880889","0.868466854"
"0.001559483","0.872709394"
"0.002844033","0.872709394"
"0.001559483","0.876972675"
"0.002807649","0.876972675"
"0.001559483","0.881256759"
"0.002783652","0.881256759"
"0.001559483","0.885561764"
"0.002748040","0.885561764"
"0.001559483","0.889887810"
"0.002712884","0.889887810"
"0.001559483","0.894234955"
"0.002678177","0.894234955"
"0.001559483","0.898603380"
"0.002643914","0.898603380"
"0.001559483","0.902993143"
"0.002610090","0.902993143"
"0.001566191","0.907404363"
"0.002587782","0.907404363"
"0.001566191","0.911837101"
"0.002554676","0.911837101"
"0.001566191","0.916291535"
"0.002521993","0.916291535"
"0.001566191","0.920767665"
"0.002489729","0.920767665"
"0.001566191","0.925265729"
"0.002457877","0.925265729"
"0.001572927","0.929785728"
"0.002426433","0.929785728"
"0.001572927","0.934327841"
"0.002385132","0.934327841"
"0.001579693","0.938892126"
"0.002354619","0.938892126"
"0.001586487","0.943478703"
"0.002314540","0.943478703"
"0.001586487","0.948087633"
"0.002284930","0.948087633"
"0.001593311","0.952719152"
"0.002246038","0.952719152"
"0.001600164","0.957373261"
"0.002207808","0.957373261"
"0.001607047","0.962050140"
"0.002179563","0.962050140"
"0.001620901","0.966749787"
"0.002142464","0.966749787"
"0.001627872","0.971472442"
"0.002105997","0.971472442"
"0.001641906","0.976218164"
"0.002070150","0.976218164"
"0.001663183","0.980987072"
"0.002026199","0.980987072"
"0.001691983","0.985779285"
"0.001983181","0.985779285"
"0.001728684","0.990594923"
"0.001908037","0.990594923"
"0.001296674","2.108329296"
"0.001513328","2.108329296"
"0.001263708","2.118628740"
"0.001579693","2.118628740"
"0.001231582","2.128978491"
"0.001627872","2.128978491"
"0.001215826","2.139378786"
"0.001670337","2.139378786"
"0.001195131","2.149829626"
"0.001706569","2.149829626"
"0.001179841","2.160331726"
"0.001751086","2.160331726"
"0.001164747","2.170885086"
"0.001781408","2.170885086"
"0.001149846","2.181490183"
"0.001820049","2.181490183"
"0.001135136","2.192147017"
"0.001859529","2.192147017"
"0.001125434","2.202855587"
"0.001891728","2.202855587"
"0.001115815","2.213616848"
"0.001932763","2.213616848"
"0.001106278","2.224430561"
"0.001966230","2.224430561"
"0.001092125","2.235297203"
"0.002000277","2.235297203"
"0.001087448","2.246216774"
"0.002034914","2.246216774"
"0.001078153","2.257189751"
"0.002070150","2.257189751"
"0.001073536","2.268216372"
"0.002096978","2.268216372"
"0.001064360","2.279296637"
"0.002133288","2.279296637"
"0.001059802","2.290431261"
"0.002170228","2.290431261"
"0.001050744","2.301620245"
"0.002198352","2.301620245"
"0.001046244","2.312863827"
"0.002236419","2.312863827"
"0.001037301","2.324162245"
"0.002275144","2.324162245"
"0.001032859","2.335516214"
"0.002304628","2.335516214"
"0.001028435","2.346925259"
"0.002344534","2.346925259"
"0.001024031","2.358390331"
"0.002374917","2.358390331"
"0.001019645","2.369911194"
"0.002416041","2.369911194"
"0.001015278","2.381488562"
"0.002447351","2.381488562"
"0.001015278","2.393122196"
"0.002479066","2.393122196"
"0.001010930","2.404812813"
"0.002521993","2.404812813"
"0.001006601","2.416560650"
"0.002554676","2.416560650"
"0.001002290","2.428365707"
"0.002587782","2.428365707"
"0.000997997","2.440228462"
"0.002632591","2.440228462"
"0.000997997","2.452149153"
"0.002666707","2.452149153"
"0.000993723","2.464128256"
"0.002701265","2.464128256"
"0.000989467","2.476165533"
"0.002736271","2.476165533"
"0.000989467","2.488261938"
"0.002771730","2.488261938"
"0.000989467","2.500417471"
"0.002807649","2.500417471"
"0.000985230","2.512632132"
"0.002844033","2.512632132"
"0.000985230","2.524906635"
"0.002880889","2.524906635"
"0.000981010","2.537240982"
"0.002918222","2.537240982"
"0.000981010","2.549635649"
"0.002956040","2.549635649"
"0.000976809","2.562090874"
"0.002994347","2.562090874"
"0.000976809","2.574606895"
"0.003033151","2.574606895"
"0.000976809","2.587183952"
"0.003072458","2.587183952"
"0.000976809","2.599822760"
"0.003098944","2.599822760"
"0.000972625","2.612523079"
"0.003139104","2.612523079"
"0.000972625","2.625285625"
"0.003166165","2.625285625"
"0.000972625","2.638110161"
"0.003207196","2.638110161"
"0.000972625","2.650997639"
"0.003234844","2.650997639"
"0.000972625","2.663948059"
"0.003276764","2.663948059"
"0.000972625","2.676961660"
"0.003305013","2.676961660"
"0.000972625","2.690038919"
"0.003347842","2.690038919"
"0.000972625","2.703180075"
"0.003376703","2.703180075"
"0.000972625","2.716385365"
"0.003420462","2.716385365"
"0.000972625","2.729655027"
"0.003449949","2.729655027"
"0.000972625","2.742989540"
"0.003479691","2.742989540"
"0.000972625","2.756389380"
"0.003509688","2.756389380"
"0.000976809","2.769854546"
"0.003539945","2.769854546"
"0.000976809","2.783385515"
"0.003570462","2.783385515"
"0.000976809","2.796982765"
"0.003601242","2.796982765"
"0.000976809","2.810646057"
"0.003632287","2.810646057"
"0.000981010","2.824376345"
"0.003663600","2.824376345"
"0.000981010","2.838173628"
"0.003695183","2.838173628"
"0.000981010","2.852038383"
"0.003727039","2.852038383"
"0.000985230","2.865970850"
"0.003743069","2.865970850"
"0.000985230","2.879971266"
"0.003775338","2.879971266"
"0.000989467","2.894040108"
"0.003791576","2.894040108"
"0.000989467","2.908177853"
"0.003824262","2.908177853"
"0.000993723","2.922384501"
"0.003840711","2.922384501"
"0.000997997","2.936660528"
"0.003857230","2.936660528"
"0.000997997","2.951006413"
"0.003890483","2.951006413"
"0.001002290","2.965422392"
"0.003907216","2.965422392"
"0.001002290","2.979908705"
"0.003940899","2.979908705"
"0.001006601","2.994465828"
"0.003957850","2.994465828"
"0.001010930","3.009094238"
"0.003974873","3.009094238"
"0.001015278","3.023793936"
"0.003991970","3.023793936"
"0.001019645","3.038565397"
"0.004009140","3.038565397"
"0.001024031","3.053409100"
"0.004009140","3.053409100"
"0.001028435","3.068325281"
"0.004026384","3.068325281"
"0.001032859","3.083314419"
"0.004043702","3.083314419"
"0.001032859","3.098376513"
"0.004061094","3.098376513"
"0.001037301","3.113512516"
"0.004078561","3.113512516"
"0.001041763","3.128722191"
"0.004096104","3.128722191"
"0.001046244","3.144006252"
"0.004113722","3.144006252"
"0.001055263","3.159365177"
"0.004113722","3.159365177"
"0.001059802","3.174798727"
"0.004131418","3.174798727"
"0.001064360","3.190307856"
"0.004131418","3.190307856"
"0.001073536","3.205893040"
"0.004131418","3.205893040"
"0.001078153","3.221553802"
"0.004149188","3.221553802"
"0.001082791","3.237291336"
"0.004149188","3.237291336"
"0.001092125","3.253106117"
"0.004167034","3.253106117"
"0.001096822","3.268997669"
"0.004167034","3.268997669"
"0.001106278","3.284967184"
"0.004167034","3.284967184"
"0.001111036","3.301014423"
"0.004184957","3.301014423"
"0.001120614","3.317140102"
"0.004184957","3.317140102"
"0.001125434","3.333344936"
"0.004184957","3.333344936"
"0.001135136","3.349628448"
"0.004184957","3.349628448"
"0.001144922","3.365992069"
"0.004184957","3.365992069"
"0.001149846","3.382435083"
"0.004184957","3.382435083"
"0.001159759","3.398958445"
"0.004184957","3.398958445"
"0.001169757","3.415562868"
"0.004184957","3.415562868"
"0.001174788","3.432248116"
"0.004184957","3.432248116"
"0.001184916","3.449014664"
"0.004184957","3.449014664"
"0.001195131","3.465863705"
"0.004184957","3.465863705"
"0.001205434","3.482794762"
"0.004184957","3.482794762"
"0.001215826","3.499808311"
"0.004167034","3.499808311"
"0.001226307","3.516905069"
"0.004167034","3.516905069"
"0.001236879","3.534085751"
"0.004167034","3.534085751"
"0.001247542","3.551349878"
"0.004149188","3.551349878"
"0.001258296","3.568698406"
"0.004149188","3.568698406"
"0.001269144","3.586132050"
"0.004131418","3.586132050"
"0.001280085","3.603650570"
"0.004131418","3.603650570"
"0.001291120","3.621254444"
"0.004113722","3.621254444"
"0.001302251","3.638944387"
"0.004113722","3.638944387"
"0.001313477","3.656721354"
"0.004096104","3.656721354"
"0.001330498","3.674584627"
"0.004078561","3.674584627"
"0.001341968","3.692535162"
"0.004061094","3.692535162"
"0.001359359","3.710573912"
"0.004026384","3.710573912"
"0.001371078","3.728700161"
"0.004009140","3.728700161"
"0.001388845","3.746915102"
"0.003991970","3.746915102"
"0.001400818","3.765219450"
"0.003974873","3.765219450"
"0.001418972","3.783612728"
"0.003940899","3.783612728"
"0.001437360","3.802096367"
"0.003924021","3.802096367"
"0.001455987","3.820669651"
"0.003907216","3.820669651"
"0.001474855","3.839333773"
"0.003873821","3.839333773"
"0.001493968","3.858089685"
"0.003824262","3.858089685"
"0.001513328","3.876936674"
"0.003791576","3.876936674"
"0.001532939","3.895876169"
"0.003743069","3.895876169"
"0.001552805","3.914907694"
"0.003711077","3.914907694"
"0.001572927","3.934032202"
"0.003663600","3.934032202"
"0.001593311","3.953250647"
"0.003616731","3.953250647"
"0.001620901","3.972562313"
"0.003570462","3.972562313"
"0.001648968","3.991968632"
"0.003524784","3.991968632"
"0.001677521","4.011469841"
"0.003479691","4.011469841"
"0.001706569","4.031066418"
"0.003420462","4.031066418"
"0.001736120","4.050758362"
"0.003347842","4.050758362"
"0.001773779","4.070546150"
"0.003290858","4.070546150"
"0.001812255","4.090431690"
"0.003220990","4.090431690"
"0.001859529","4.110413551"
"0.003139104","4.110413551"
"0.001908037","4.130493164"
"0.003059299","4.130493164"
"0.001966230","4.150671482"
"0.002968754","4.150671482"
"0.002034914","4.170947552"
"0.002856266","4.170947552"
"0.002133288","4.191322803"
"0.002724552","4.191322803"
"0.002304628","4.211797714"
"0.002543735","4.211797714"
"0.002017521","6.467119694"
"0.002324495","6.467119694"
"0.001957810","6.498712063"
"0.002395391","6.498712063"
"0.001916243","6.530458450"
"0.002447351","6.530458450"
"0.001891728","6.562360764"
"0.002457877","6.562360764"
"0.001867527","6.594418526"
"0.002468449","6.594418526"
"0.001851565","6.626632214"
"0.002479066","6.626632214"
"0.001827878","6.659004688"
"0.002479066","6.659004688"
"0.001812255","6.691534042"
"0.002489729","6.691534042"
"0.001789070","6.724222660"
"0.002489729","6.724222660"
"0.001773779","6.757071495"
"0.002500437","6.757071495"
"0.001758618","6.790080070"
"0.002500437","6.790080070"
"0.001736120","6.823251247"
"0.002511192","6.823251247"
"0.001721281","6.856583118"
"0.002511192","6.856583118"
"0.001706569","6.890077591"
"0.002521993","6.890077591"
"0.001691983","6.923737049"
"0.002521993","6.923737049"
"0.001670337","6.957559586"
"0.002521993","6.957559586"
"0.001656060","6.991548538"
"0.002532840","6.991548538"
"0.001641906","7.025702477"
"0.002532840","7.025702477"
"0.001627872","7.060023308"
"0.002532840","7.060023308"
"0.001613959","7.094512939"
"0.002543735","7.094512939"
"0.001600164","7.129169941"
"0.002543735","7.129169941"
"0.001586487","7.163996220"
"0.002543735","7.163996220"
"0.001579693","7.198993683"
"0.002554676","7.198993683"
"0.001559483","7.234160900"
"0.002576699","7.234160900"
"0.001539533","7.269500256"
"0.002587782","7.269500256"
"0.001519837","7.305012226"
"0.002610090","7.305012226"
"0.001506847","7.340698242"
"0.002632591","7.340698242"
"0.001487569","7.376557827"
"0.002655286","7.376557827"
"0.001468539","7.412592888"
"0.002666707","7.412592888"
"0.001455987","7.448804855"
"0.002689696","7.448804855"
"0.001437360","7.485192299"
"0.002701265","7.485192299"
"0.001425075","7.521759033"
"0.002724552","7.521759033"
"0.001406844","7.558503151"
"0.002736271","7.558503151"
"0.001388845","7.595426559"
"0.002771730","7.595426559"
"0.001371078","7.632531643"
"0.002819725","7.632531643"
"0.001353537","7.669816971"
"0.002856266","7.669816971"
"0.001336221","7.707285404"
"0.002893280","7.707285404"
"0.001319127","7.744935989"
"0.002930774","7.744935989"
"0.001302251","7.782770157"
"0.002956040","7.782770157"
"0.001285591","7.820790291"
"0.002994347","7.820790291"
"0.001269144","7.858995438"
"0.003033151","7.858995438"
"0.001258296","7.897386551"
"0.003072458","7.897386551"
"0.001242199","7.935966015"
"0.003098944","7.935966015"
"0.001231582","7.974734306"
"0.003152605","7.974734306"
"0.001215826","8.013690948"
"0.003193460","8.013690948"
"0.001205434","8.052838326"
"0.003248758","8.052838326"
"0.001190012","8.092178345"
"0.003290858","8.092178345"
"0.001179841","8.131709099"
"0.003347842","8.131709099"
"0.001164747","8.171432495"
"0.003391227","8.171432495"
"0.001154792","8.211351395"
"0.003435174","8.211351395"
"0.001144922","8.251463890"
"0.003494657","8.251463890"
"0.001130275","8.291772842"
"0.003539945","8.291772842"
"0.001120614","8.332280159"
"0.003585819","8.332280159"
"0.001115815","8.372982979"
"0.003632287","8.372982979"
"0.001106278","8.413886070"
"0.003679358","8.413886070"
"0.001101540","8.454988480"
"0.003727039","8.454988480"
"0.001092125","8.496292114"
"0.003775338","8.496292114"
"0.001087448","8.537796974"
"0.003824262","8.537796974"
"0.001082791","8.579504013"
"0.003873821","8.579504013"
"0.001073536","8.621417046"
"0.003907216","8.621417046"
"0.001068938","8.663533211"
"0.003957850","8.663533211"
"0.001064360","8.705855370"
"0.004009140","8.705855370"
"0.001055263","8.748384476"
"0.004061094","8.748384476"
"0.001055263","8.791120529"
"0.004078561","8.791120529"
"0.001059802","8.834066391"
"0.004113722","8.834066391"
"0.001059802","8.877221107"
"0.004131418","8.877221107"
"0.001059802","8.920588493"
"0.004149188","8.920588493"
"0.001059802","8.964165688"
"0.004184957","8.964165688"
"0.001064360","9.007956505"
"0.004202957","9.007956505"
"0.001064360","9.051961899"
"0.004221035","9.051961899"
"0.001064360","9.096180916"
"0.004257423","9.096180916"
"0.001064360","9.140616417"
"0.004275735","9.140616417"
"0.001068938","9.185268402"
"0.004312593","9.185268402"
"0.001078153","9.230139732"
"0.004294123","9.230139732"
"0.001087448","9.275229454"
"0.004294123","9.275229454"
"0.001096822","9.320539474"
"0.004294123","9.320539474"
"0.001106278","9.366071701"
"0.004294123","9.366071701"
"0.001115815","9.411826134"
"0.004294123","9.411826134"
"0.001125434","9.457802773"
"0.004275735","9.457802773"
"0.001140019","9.504006386"
"0.004275735","9.504006386"
"0.001149846","9.550433159"
"0.004275735","9.550433159"
"0.001159759","9.597087860"
"0.004275735","9.597087860"
"0.001174788","9.643971443"
"0.004257423","9.643971443"
"0.001190012","9.691082954"
"0.004239190","9.691082954"
"0.001205434","9.738424301"
"0.004202957","9.738424301"
"0.001226307","9.785996437"
"0.004167034","9.785996437"
"0.001242199","9.833803177"
"0.004149188","9.833803177"
"0.001263708","9.881841660"
"0.004113722","9.881841660"
"0.001280085","9.930114746"
"0.004078561","9.930114746"
"0.001302251","9.978625298"
"0.004043702","9.978625298"
"0.001324800","10.027371407"
"0.004009140","10.027371407"
"0.001347740","10.076356888"
"0.003974873","10.076356888"
"0.001371078","10.125581741"
"0.003940899","10.125581741"
"0.001394819","10.175044060"
"0.003890483","10.175044060"
"0.001418972","10.224750519"
"0.003857230","10.224750519"
"0.001443542","10.274700165"
"0.003807884","10.274700165"
"0.001468539","10.324891090"
"0.003775338","10.324891090"
"0.001493968","10.375330925"
"0.003727039","10.375330925"
"0.001526374","10.426015854"
"0.003679358","10.426015854"
"0.001552805","10.476945877"
"0.003632287","10.476945877"
"0.001586487","10.528127670"
"0.003585819","10.528127670"
"0.001620901","10.579556465"
"0.003524784","10.579556465"
"0.001656060","10.631239891"
"0.003464788","10.631239891"
"0.001677521","10.683175087"
"0.003449949","10.683175087"
"0.001699260","10.735361099"
"0.003420462","10.735361099"
"0.001721281","10.787805557"
"0.003391227","10.787805557"
"0.001743587","10.840502739"
"0.003376703","10.840502739"
"0.001766182","10.893461227"
"0.003347842","10.893461227"
"0.001789070","10.946677208"
"0.003319228","10.946677208"
"0.001812255","11.000150681"
"0.003290858","11.000150681"
"0.001835740","11.053888321"
"0.003262731","11.053888321"
"0.001867527","11.107889175"
"0.003234844","11.107889175"
"0.001891728","11.162149429"
"0.003207196","11.162149429"
"0.001883627","11.216678619"
"0.003220990","11.216678619"
"0.001875560","11.271474838"
"0.003234844","11.271474838"
"0.001867527","11.326538086"
"0.003248758","11.326538086"
"0.001859529","11.381866455"
"0.003262731","11.381866455"
"0.001851565","11.437469482"
"0.003276764","11.437469482"
"0.001843636","11.493343353"
"0.003290858","11.493343353"
"0.001835740","11.549487114"
"0.003305013","11.549487114"
"0.001827878","11.605908394"
"0.003319228","11.605908394"
"0.001820049","11.662605286"
"0.003333505","11.662605286"
"0.001812255","11.719579697"
"0.003347842","11.719579697"
"0.001796765","11.776828766"
"0.003347842","11.776828766"
"0.001781408","11.834360123"
"0.003362242","11.834360123"
"0.001766182","11.892173767"
"0.003362242","11.892173767"
"0.001751086","11.950265884"
"0.003362242","11.950265884"
"0.001736120","12.008645058"
"0.003362242","12.008645058"
"0.001721281","12.067309380"
"0.003362242","12.067309380"
"0.001706569","12.126256943"
"0.003376703","12.126256943"
"0.001691983","12.185495377"
"0.003376703","12.185495377"
"0.001670337","12.245023727"
"0.003376703","12.245023727"
"0.001656060","12.304840088"
"0.003376703","12.304840088"
"0.001627872","12.364951134"
"0.003405813","12.364951134"
"0.001600164","12.425355911"
"0.003420462","12.425355911"
"0.001572927","12.486056328"
"0.003435174","12.486056328"
"0.001546154","12.547049522"
"0.003464788","12.547049522"
"0.001519837","12.608344078"
"0.003479691","12.608344078"
"0.001500393","12.669938087"
"0.003494657","12.669938087"
"0.001474855","12.731829643"
"0.003509688","12.731829643"
"0.001449751","12.794027328"
"0.003524784","12.794027328"
"0.001425075","12.856524467"
"0.003539945","12.856524467"
"0.001406844","12.919331551"
"0.003555170","12.919331551"
"0.001388845","12.982444763"
"0.003570462","12.982444763"
"0.001371078","13.045862198"
"0.003601242","13.045862198"
"0.001359359","13.109593391"
"0.003616731","13.109593391"
"0.001341968","13.173632622"
"0.003632287","13.173632622"
"0.001324800","13.237988472"
"0.003663600","13.237988472"
"0.001313477","13.302658081"
"0.003679358","13.302658081"
"0.001296674","13.367640495"
"0.003695183","13.367640495"
"0.001285591","13.432944298"
"0.003727039","13.432944298"
"0.001269144","13.498566628"
"0.003743069","13.498566628"
"0.001258296","13.564509392"
"0.003759169","13.564509392"
"0.001252907","13.630770683"
"0.003775338","13.630770683"
"0.001252907","13.697359085"
"0.003791576","13.697359085"
"0.001252907","13.764273643"
"0.003807884","13.764273643"
"0.001252907","13.831510544"
"0.003840711","13.831510544"
"0.001247542","13.899080276"
"0.003857230","13.899080276"
"0.001247542","13.966979980"
"0.003873821","13.966979980"
"0.001247542","14.035206795"
"0.003890483","14.035206795"
"0.001242199","14.103771210"
"0.003907216","14.103771210"
"0.001242199","14.172671318"
"0.003924021","14.172671318"
"0.001242199","14.241903305"
"0.003957850","14.241903305"
"0.001242199","14.311477661"
"0.003974873","14.311477661"
"0.001242199","14.381391525"
"0.003991970","14.381391525"
"0.001242199","14.451647758"
"0.004009140","14.451647758"
"0.001247542","14.522242546"
"0.004043702","14.522242546"
"0.001247542","14.593186378"
"0.004061094","14.593186378"
"0.001247542","14.664476395"
"0.004078561","14.664476395"
"0.001247542","14.736110687"
"0.004113722","14.736110687"
"0.001247542","14.808099747"
"0.004131418","14.808099747"
"0.001247542","14.880435944"
"0.004149188","14.880435944"
"0.001252907","14.953129768"
"0.004184957","14.953129768"
"0.001252907","15.026178360"
"0.004184957","15.026178360"
"0.001258296","15.099579811"
"0.004184957","15.099579811"
"0.001263708","15.173343658"
"0.004184957","15.173343658"
"0.001269144","15.247464180"
"0.004202957","15.247464180"
"0.001269144","15.321950912"
"0.004202957","15.321950912"
"0.001274603","15.396800995"
"0.004202957","15.396800995"
"0.001280085","15.472013474"
"0.004202957","15.472013474"
"0.001285591","15.547596931"
"0.004202957","15.547596931"
"0.001291120","15.623549461"
"0.004221035","15.623549461"
"0.001291120","15.699872971"
"0.004221035","15.699872971"
"0.001302251","15.776565552"
"0.004184957","15.776565552"
"0.001319127","15.853636742"
"0.004167034","15.853636742"
"0.001330498","15.931084633"
"0.004131418","15.931084633"
"0.001341968","16.008907318"
"0.004113722","16.008907318"
"0.001353537","16.087112427"
"0.004078561","16.087112427"
"0.001371078","16.165700912"
"0.004043702","16.165700912"
"0.001382897","16.244668961"
"0.004009140","16.244668961"
"0.001394819","16.324028015"
"0.003991970","16.324028015"
"0.001412895","16.403774261"
"0.003957850","16.403774261"
"0.001425075","16.483903885"
"0.003924021","16.483903885"
"0.001431204","16.564432144"
"0.003907216","16.564432144"
"0.001437360","16.645351410"
"0.003890483","16.645351410"
"0.001443542","16.726667404"
"0.003873821","16.726667404"
"0.001449751","16.808374405"
"0.003857230","16.808374405"
"0.001449751","16.890487671"
"0.003840711","16.890487671"
"0.001455987","16.972999573"
"0.003824262","16.972999573"
"0.001462249","17.055912018"
"0.003807884","17.055912018"
"0.001468539","17.139232635"
"0.003791576","17.139232635"
"0.001474855","17.222955704"
"0.003775338","17.222955704"
"0.001481199","17.307094574"
"0.003759169","17.307094574"
"0.001468539","17.391641617"
"0.003775338","17.391641617"
"0.001462249","17.476598740"
"0.003791576","17.476598740"
"0.001449751","17.561975479"
"0.003824262","17.561975479"
"0.001437360","17.647764206"
"0.003840711","17.647764206"
"0.001431204","17.733976364"
"0.003857230","17.733976364"
"0.001418972","17.820610046"
"0.003890483","17.820610046"
"0.001412895","17.907661438"
"0.003907216","17.907661438"
"0.001400818","17.995143890"
"0.003924021","17.995143890"
"0.001394819","18.083053589"
"0.003940899","18.083053589"
"0.001382897","18.171392441"
"0.003974873","18.171392441"
"0.001376975","18.260158539"
"0.003991970","18.260158539"
"0.001371078","18.349361420"
"0.004009140","18.349361420"
"0.001371078","18.439002991"
"0.004026384","18.439002991"
"0.001365206","18.529075623"
"0.004043702","18.529075623"
"0.001359359","18.619592667"
"0.004061094","18.619592667"
"0.001353537","18.710552216"
"0.004078561","18.710552216"
"0.001347740","18.801952362"
"0.004096104","18.801952362"
"0.001341968","18.893802643"
"0.004131418","18.893802643"
"0.001336221","18.986103058"
"0.004149188","18.986103058"
"0.001336221","19.078847885"
"0.004167034","19.078847885"
"0.001330498","19.172052383"
"0.004167034","19.172052383"
"0.001324800","19.265710831"
"0.004149188","19.265710831"
"0.001324800","19.359827042"
"0.004149188","19.359827042"
"0.001319127","19.454397202"
"0.004149188","19.454397202"
"0.001319127","19.549436569"
"0.004149188","19.549436569"
"0.001313477","19.644939423"
"0.004131418","19.644939423"
"0.001313477","19.740901947"
"0.004131418","19.740901947"
"0.001307852","19.837339401"
"0.004131418","19.837339401"
"0.001307852","19.934244156"
"0.004113722","19.934244156"
"0.001302251","20.031625748"
"0.004113722","20.031625748"
"0.001302251","20.129484177"
"0.004113722","20.129484177"
"0.001302251","20.227815628"
"0.004131418","20.227815628"
"0.001302251","20.326631546"
"0.004131418","20.326631546"
"0.001302251","20.425924301"
"0.004131418","20.425924301"
"0.001302251","20.525709152"
"0.004149188","20.525709152"
"0.001302251","20.625982285"
"0.004149188","20.625982285"
"0.001302251","20.726737976"
"0.004149188","20.726737976"
"0.001302251","20.827991486"
"0.004167034","20.827991486"
"0.001307852","20.929738998"
"0.004167034","20.929738998"
"0.001307852","21.031984329"
"0.004167034","21.031984329"
"0.001307852","21.134723663"
"0.004167034","21.134723663"
"0.001313477","21.237972260"
"0.004149188","21.237972260"
"0.001319127","21.341722488"
"0.004149188","21.341722488"
"0.001324800","21.445974350"
"0.004131418","21.445974350"
"0.001330498","21.550743103"
"0.004131418","21.550743103"
"0.001336221","21.656021118"
"0.004113722","21.656021118"
"0.001336221","21.761810303"
"0.004113722","21.761810303"
"0.001341968","21.868120193"
"0.004096104","21.868120193"
"0.001347740","21.974948883"
"0.004096104","21.974948883"
"0.001353537","22.082294464"
"0.004078561","22.082294464"
"0.001359359","22.190170288"
"0.004078561","22.190170288"
"0.001365206","22.298574448"
"0.004061094","22.298574448"
"0.001371078","22.407506943"
"0.004043702","22.407506943"
"0.001376975","22.516965866"
"0.004026384","22.516965866"
"0.001388845","22.626964569"
"0.004009140","22.626964569"
"0.001394819","22.737501144"
"0.003991970","22.737501144"
"0.001400818","22.848571777"
"0.003974873","22.848571777"
"0.001406844","22.960191727"
"0.003957850","22.960191727"
"0.001412895","23.072349548"
"0.003957850","23.072349548"
"0.001418972","23.185062408"
"0.003940899","23.185062408"
"0.001418972","23.298326492"
"0.003957850","23.298326492"
"0.001412895","23.412136078"
"0.003974873","23.412136078"
"0.001406844","23.526508331"
"0.003991970","23.526508331"
"0.001406844","23.641433716"
"0.004009140","23.641433716"
"0.001400818","23.756925583"
"0.004026384","23.756925583"
"0.001400818","23.872982025"
"0.004043702","23.872982025"
"0.001394819","23.989599228"
"0.004078561","23.989599228"
"0.001388845","24.106792450"
"0.004096104","24.106792450"
"0.001388845","24.224559784"
"0.004113722","24.224559784"
"0.001382897","24.342901230"
"0.004131418","24.342901230"
"0.001382897","24.461812973"
"0.004131418","24.461812973"
"0.001376975","24.581314087"
"0.004113722","24.581314087"
"0.001371078","24.701398849"
"0.004096104","24.701398849"
"0.001371078","24.822061539"
"0.004078561","24.822061539"
"0.001365206","24.943323135"
"0.004061094","24.943323135"
"0.001359359","25.065174103"
"0.004061094","25.065174103"
"0.001359359","25.187616348"
"0.004043702","25.187616348"
"0.001353537","25.310661316"
"0.004026384","25.310661316"
"0.001353537","25.434309006"
"0.004009140","25.434309006"
"0.001347740","25.558553696"
"0.003991970","25.558553696"
"0.001341968","25.683410645"
"0.004026384","25.683410645"
"0.001336221","25.808879852"
"0.004043702","25.808879852"
"0.001336221","25.934961319"
"0.004078561","25.934961319"
"0.001330498","26.061651230"
"0.004096104","26.061651230"
"0.001324800","26.188966751"
"0.004131418","26.188966751"
"0.001319127","26.316904068"
"0.004149188","26.316904068"
"0.001319127","26.445459366"
"0.004184957","26.445459366"
"0.001313477","26.574649811"
"0.004202957","26.574649811"
"0.001307852","26.704465866"
"0.004239190","26.704465866"
"0.001302251","26.834920883"
"0.004257423","26.834920883"
"0.001307852","26.966014862"
"0.004239190","26.966014862"
"0.001313477","27.097742081"
"0.004221035","27.097742081"
"0.001319127","27.230117798"
"0.004202957","27.230117798"
"0.001324800","27.363134384"
"0.004184957","27.363134384"
"0.001324800","27.496809006"
"0.004167034","27.496809006"
"0.001330498","27.631135941"
"0.004149188","27.631135941"
"0.001336221","27.766111374"
"0.004131418","27.766111374"
"0.001341968","27.901754379"
"0.004096104","27.901754379"
"0.001347740","28.038059235"
"0.004078561","28.038059235"
"0.001353537","28.175029755"
"0.004061094","28.175029755"
"0.001353537","28.312662125"
"0.004061094","28.312662125"
"0.001353537","28.450975418"
"0.004061094","28.450975418"
"0.001353537","28.589963913"
"0.004061094","28.589963913"
"0.001353537","28.729621887"
"0.004078561","28.729621887"
"0.001353537","28.869972229"
"0.004078561","28.869972229"
"0.001353537","29.011007309"
"0.004078561","29.011007309"
"0.001353537","29.152723312"
"0.004078561","29.152723312"
"0.001353537","29.295139313"
"0.004078561","29.295139313"
"0.001353537","29.438251495"
"0.004096104","29.438251495"
"0.001353537","29.582054138"
"0.004096104","29.582054138"
"0.001353537","29.726568222"
"0.004096104","29.726568222"
"0.001359359","29.871788025"
"0.004113722","29.871788025"
"0.001359359","30.017717361"
"0.004113722","30.017717361"
"0.001359359","30.164350510"
"0.004131418","30.164350510"
"0.001359359","30.311708450"
"0.004149188","30.311708450"
"0.001365206","30.459787369"
"0.004149188","30.459787369"
"0.001365206","30.608579636"
"0.004167034","30.608579636"
"0.001365206","30.758108139"
"0.004167034","30.758108139"
"0.001365206","30.908359528"
"0.004184957","30.908359528"
"0.001371078","31.059350967"
"0.004202957","31.059350967"
"0.001371078","31.211082458"
"0.004167034","31.211082458"
"0.001365206","31.363546371"
"0.004149188","31.363546371"
"0.001365206","31.516761780"
"0.004131418","31.516761780"
"0.001365206","31.670719147"
"0.004113722","31.670719147"
"0.001365206","31.825435638"
"0.004096104","31.825435638"
"0.001359359","31.980909348"
"0.004061094","31.980909348"
"0.001359359","32.137130737"
"0.004043702","32.137130737"
"0.001359359","32.294128418"
"0.004026384","32.294128418"
"0.001359359","32.451889038"
"0.004009140","32.451889038"
"0.001359359","32.610424042"
"0.003991970","32.610424042"
"0.001353537","32.769721985"
"0.004009140","32.769721985"
"0.001353537","32.929809570"
"0.004026384","32.929809570"
"0.001353537","33.090675354"
"0.004061094","33.090675354"
"0.001347740","33.252323151"
"0.004078561","33.252323151"
"0.001347740","33.414764404"
"0.004113722","33.414764404"
"0.001347740","33.578002930"
"0.004131418","33.578002930"
"0.001347740","33.742027283"
"0.004167034","33.742027283"
"0.001341968","33.906864166"
"0.004202957","33.906864166"
"0.001341968","34.072505951"
"0.004221035","34.072505951"
"0.001341968","34.238945007"
"0.004257423","34.238945007"
"0.001336221","34.406208038"
"0.004239190","34.406208038"
"0.001336221","34.574291229"
"0.004221035","34.574291229"
"0.001330498","34.743190765"
"0.004202957","34.743190765"
"0.001330498","34.912910461"
"0.004184957","34.912910461"
"0.001324800","35.083465576"
"0.004167034","35.083465576"
"0.001319127","35.254852295"
"0.004149188","35.254852295"
"0.001319127","35.427070618"
"0.004149188","35.427070618"
"0.001313477","35.600139618"
"0.004131418","35.600139618"
"0.001313477","35.774040222"
"0.004113722","35.774040222"
"0.001307852","35.948802948"
"0.004096104","35.948802948"
"0.001313477","36.124420166"
"0.004096104","36.124420166"
"0.001319127","36.300884247"
"0.004113722","36.300884247"
"0.001330498","36.478221893"
"0.004113722","36.478221893"
"0.001336221","36.656414032"
"0.004113722","36.656414032"
"0.001341968","36.835487366"
"0.004113722","36.835487366"
"0.001347740","37.015434265"
"0.004131418","37.015434265"
"0.001353537","37.196250916"
"0.004131418","37.196250916"
"0.001365206","37.377964020"
"0.004131418","37.377964020"
"0.001371078","37.560562134"
"0.004131418","37.560562134"
"0.001376975","37.744049072"
"0.004149188","37.744049072"
"0.001376975","37.928428650"
"0.004131418","37.928428650"
"0.001376975","38.113712311"
"0.004113722","38.113712311"
"0.001376975","38.299907684"
"0.004113722","38.299907684"
"0.001376975","38.486999512"
"0.004096104","38.486999512"
"0.001376975","38.675014496"
"0.004078561","38.675014496"
"0.001376975","38.863948822"
"0.004061094","38.863948822"
"0.001376975","39.053794861"
"0.004043702","39.053794861"
"0.001371078","39.244579315"
"0.004043702","39.244579315"
"0.001371078","39.436298370"
"0.004026384","39.436298370"
"0.001371078","39.628940582"
"0.004009140","39.628940582"
"0.001365206","39.822532654"
"0.004026384","39.822532654"
"0.001359359","40.017074585"
"0.004026384","40.017074585"
"0.001353537","40.212566376"
"0.004043702","40.212566376"
"0.001347740","40.409000397"
"0.004061094","40.409000397"
"0.001341968","40.606403351"
"0.004078561","40.606403351"
"0.001336221","40.804775238"
"0.004078561","40.804775238"
"0.001330498","41.004100800"
"0.004096104","41.004100800"
"0.001324800","41.204414368"
"0.004113722","41.204414368"
"0.001313477","41.405704498"
"0.004131418","41.405704498"
"0.001307852","41.607978821"
"0.004131418","41.607978821"
"0.001313477","41.811229706"
"0.004149188","41.811229706"
"0.001319127","42.015487671"
"0.004149188","42.015487671"
"0.001330498","42.220737457"
"0.004149188","42.220737457"
"0.001336221","42.426982880"
"0.004149188","42.426982880"
"0.001341968","42.634246826"
"0.004149188","42.634246826"
"0.001347740","42.842521667"
"0.004167034","42.842521667"
"0.001353537","43.051803589"
"0.004167034","43.051803589"
"0.001359359","43.262119293"
"0.004167034","43.262119293"
"0.001365206","43.473453522"
"0.004167034","43.473453522"
"0.001371078","43.685829163"
"0.004167034","43.685829163"
"0.001371078","43.899242401"
"0.004149188","43.899242401"
"0.001371078","44.113685608"
"0.004131418","44.113685608"
"0.001371078","44.329189301"
"0.004096104","44.329189301"
"0.001371078","44.545730591"
"0.004078561","44.545730591"
"0.001365206","44.763343811"
"0.004061094","44.763343811"
"0.001365206","44.982021332"
"0.004026384","44.982021332"
"0.001365206","45.201755524"
"0.004009140","45.201755524"
"0.001365206","45.422573090"
"0.003991970","45.422573090"
"0.001359359","45.644470215"
"0.003957850","45.644470215"
"0.001359359","45.867439270"
"0.003940899","45.867439270"
"0.001359359","46.091510773"
"0.003957850","46.091510773"
"0.001359359","46.316677094"
"0.003991970","46.316677094"
"0.001359359","46.542942047"
"0.004009140","46.542942047"
"0.001359359","46.770298004"
"0.004043702","46.770298004"
"0.001359359","46.998783112"
"0.004078561","46.998783112"
"0.001359359","47.228378296"
"0.004096104","47.228378296"
"0.001359359","47.459083557"
"0.004131418","47.459083557"
"0.001359359","47.690929413"
"0.004167034","47.690929413"
"0.001359359","47.923908234"
"0.004184957","47.923908234"
"0.001359359","48.158027649"
"0.004221035","48.158027649"
"0.001359359","48.393276215"
"0.004221035","48.393276215"
"0.001359359","48.629684448"
"0.004202957","48.629684448"
"0.001359359","48.867248535"
"0.004202957","48.867248535"
"0.001359359","49.105960846"
"0.004184957","49.105960846"
"0.001359359","49.345851898"
"0.004184957","49.345851898"
"0.001365206","49.586914062"
"0.004167034","49.586914062"
"0.001365206","49.829143524"
"0.004149188","49.829143524"
"0.001365206","50.072566986"
"0.004149188","50.072566986"
"0.001365206","50.317169189"
"0.004131418","50.317169189"
"0.001365206","50.562976837"
"0.004131418","50.562976837"
"0.001359359","50.809986115"
"0.004131418","50.809986115"
"0.001353537","51.058185577"
"0.004149188","51.058185577"
"0.001353537","51.307617188"
"0.004149188","51.307617188"
"0.001347740","51.558246613"
"0.004167034","51.558246613"
"0.001341968","51.810119629"
"0.004167034","51.810119629"
"0.001336221","52.063220978"
"0.004184957","52.063220978"
"0.001336221","52.317546844"
"0.004184957","52.317546844"
"0.001330498","52.573127747"
"0.004202957","52.573127747"
"0.001324800","52.829956055"
"0.004202957","52.829956055"
"0.001319127","53.088024139"
"0.004221035","53.088024139"
"0.001324800","53.347370148"
"0.004202957","53.347370148"
"0.001330498","53.607982635"
"0.004184957","53.607982635"
"0.001330498","53.869865417"
"0.004184957","53.869865417"
"0.001336221","54.133014679"
"0.004167034","54.133014679"
"0.001341968","54.397464752"
"0.004149188","54.397464752"
"0.001347740","54.663204193"
"0.004131418","54.663204193"
"0.001347740","54.930229187"
"0.004131418","54.930229187"
"0.001353537","55.198574066"
"0.004113722","55.198574066"
"0.001359359","55.468215942"
"0.004096104","55.468215942"
"0.001365206","55.739185333"
"0.004078561","55.739185333"
"0.001365206","56.011482239"
"0.004078561","56.011482239"
"0.001365206","56.285095215"
"0.004078561","56.285095215"
"0.001359359","56.560054779"
"0.004078561","56.560054779"
"0.001359359","56.836345673"
"0.004061094","56.836345673"
"0.001359359","57.114002228"
"0.004061094","57.114002228"
"0.001359359","57.393013000"
"0.004061094","57.393013000"
"0.001359359","57.673374176"
"0.004061094","57.673374176"
"0.001359359","57.955120087"
"0.004061094","57.955120087"
"0.001359359","58.238239288"
"0.004061094","58.238239288"
"0.001353537","58.522743225"
"0.004043702","58.522743225"
"0.001353537","58.808624268"
"0.004061094","58.808624268"
"0.001353537","59.095912933"
"0.004061094","59.095912933"
"0.001353537","59.384609222"
"0.004078561","59.384609222"
"0.001353537","59.674694061"
"0.004096104","59.674694061"
"0.001353537","59.966217041"
"0.004096104","59.966217041"
"0.001353537","60.259162903"
"0.004113722","60.259162903"
"0.001347740","60.553524017"
"0.004113722","60.553524017"
"0.001347740","60.849338531"
"0.004131418","60.849338531"
"0.001347740","61.146598816"
"0.004131418","61.146598816"
"0.001347740","61.445293427"
"0.004149188","61.445293427"
"0.001347740","61.745464325"
"0.004167034","61.745464325"
"0.001341968","62.047103882"
"0.004167034","62.047103882"
"0.001341968","62.350215912"
"0.004184957","62.350215912"
"0.001336221","62.654788971"
"0.004202957","62.654788971"
"0.001336221","62.960868835"
"0.004221035","62.960868835"
"0.001330498","63.268444061"
"0.004239190","63.268444061"
"0.001330498","63.577503204"
"0.004257423","63.577503204"
"0.001330498","63.888092041"
"0.004275735","63.888092041"
"0.001324800","64.200195312"
"0.004275735","64.200195312"
"0.001324800","64.513824463"
"0.004294123","64.513824463"
"0.001324800","64.828971863"
"0.004294123","64.828971863"
"0.001324800","65.145675659"
"0.004275735","65.145675659"
"0.001330498","65.463920593"
"0.004275735","65.463920593"
"0.001330498","65.783706665"
"0.004257423","65.783706665"
"0.001330498","66.105072021"
"0.004257423","66.105072021"
"0.001336221","66.428009033"
"0.004239190","66.428009033"
"0.001336221","66.752502441"
"0.004221035","66.752502441"
"0.001341968","67.078598022"
"0.004221035","67.078598022"
"0.001341968","67.406272888"
"0.004202957","67.406272888"
"0.001341968","67.735565186"
"0.004202957","67.735565186"
"0.001347740","68.066467285"
"0.004202957","68.066467285"
"0.001347740","68.398963928"
"0.004184957","68.398963928"
"0.001347740","68.733100891"
"0.004184957","68.733100891"
"0.001353537","69.068855286"
"0.004184957","69.068855286"
"0.001353537","69.406272888"
"0.004184957","69.406272888"
"0.001353537","69.745330811"
"0.004167034","69.745330811"
"0.001359359","70.086036682"
"0.004167034","70.086036682"
"0.001359359","70.428413391"
"0.004167034","70.428413391"
"0.001359359","70.772468567"
"0.004167034","70.772468567"
"0.001359359","71.118186951"
"0.004149188","71.118186951"
"0.001359359","71.465614319"
"0.004149188","71.465614319"
"0.001353537","71.814735413"
"0.004149188","71.814735413"
"0.001353537","72.165565491"
"0.004149188","72.165565491"
"0.001347740","72.518089294"
"0.004149188","72.518089294"
"0.001347740","72.872352600"
"0.004131418","72.872352600"
"0.001341968","73.228347778"
"0.004131418","73.228347778"
"0.001341968","73.586059570"
"0.004131418","73.586059570"
"0.001336221","73.945541382"
"0.004131418","73.945541382"
"0.001330498","74.306777954"
"0.004131418","74.306777954"
"0.001330498","74.669776917"
"0.004131418","74.669776917"
"0.001330498","75.034530640"
"0.004149188","75.034530640"
"0.001330498","75.401092529"
"0.004149188","75.401092529"
"0.001330498","75.769439697"
"0.004167034","75.769439697"
"0.001330498","76.139564514"
"0.004184957","76.139564514"
"0.001330498","76.511520386"
"0.004202957","76.511520386"
"0.001330498","76.885292053"
"0.004221035","76.885292053"
"0.001330498","77.260871887"
"0.004239190","77.260871887"
"0.001330498","77.638305664"
"0.004257423","77.638305664"
"0.001330498","78.017562866"
"0.004294123","78.017562866"
"0.001330498","78.398689270"
"0.004294123","78.398689270"
"0.001330498","78.781684875"
"0.004294123","78.781684875"
"0.001330498","79.166519165"
"0.004294123","79.166519165"
"0.001330498","79.553268433"
"0.004275735","79.553268433"
"0.001330498","79.941879272"
"0.004257423","79.941879272"
"0.001336221","80.332405090"
"0.004257423","80.332405090"
"0.001336221","80.724845886"
"0.004239190","80.724845886"
"0.001336221","81.119178772"
"0.004239190","81.119178772"
"0.001336221","81.515457153"
"0.004221035","81.515457153"
"0.001336221","81.913681030"
"0.004221035","81.913681030"
"0.001336221","82.313819885"
"0.004202957","82.313819885"
"0.001341968","82.715934753"
"0.004184957","82.715934753"
"0.001341968","83.120018005"
"0.004184957","83.120018005"
"0.001341968","83.526077271"
"0.004167034","83.526077271"
"0.001341968","83.934089661"
"0.004149188","83.934089661"
"0.001341968","84.344123840"
"0.004131418","84.344123840"
"0.001347740","84.756164551"
"0.004113722","84.756164551"
"0.001347740","85.170188904"
"0.004113722","85.170188904"
"0.001347740","85.586257935"
"0.004096104","85.586257935"
"0.001347740","86.004364014"
"0.004078561","86.004364014"
"0.001353537","86.424507141"
"0.004061094","86.424507141"
"0.001353537","86.846687317"
"0.004078561","86.846687317"
"0.001353537","87.270950317"
"0.004078561","87.270950317"
"0.001353537","87.697280884"
"0.004078561","87.697280884"
"0.001353537","88.125671387"
"0.004078561","88.125671387"
"0.001353537","88.556182861"
"0.004096104","88.556182861"
"0.001353537","88.988800049"
"0.004096104","88.988800049"
"0.001359359","89.423500061"
"0.004096104","89.423500061"
"0.001359359","89.860351562"
"0.004113722","89.860351562"
"0.001359359","90.299308777"
"0.004113722","90.299308777"
"0.001359359","90.740440369"
"0.004113722","90.740440369"
"0.001359359","91.183723450"
"0.004113722","91.183723450"
"0.001359359","91.629142761"
"0.004113722","91.629142761"
"0.001365206","92.076766968"
"0.004131418","92.076766968"
"0.001365206","92.526557922"
"0.004131418","92.526557922"
"0.001365206","92.978561401"
"0.004131418","92.978561401"
"0.001365206","93.432785034"
"0.004131418","93.432785034"
"0.001365206","93.889190674"
"0.004131418","93.889190674"
"0.001371078","94.347854614"
"0.004131418","94.347854614"
"0.001371078","94.808761597"
"0.004131418","94.808761597"
"0.001371078","95.271896362"
"0.004131418","95.271896362"
"0.001371078","95.737312317"
"0.004131418","95.737312317"
"0.001371078","96.205009460"
"0.004131418","96.205009460"
"0.001371078","96.674987793"
"0.004131418","96.674987793"
"0.001371078","97.147239685"
"0.004131418","97.147239685"
"0.001371078","97.621818542"
"0.004131418","97.621818542"
"0.001371078","98.087326050"
"0.004131418","98.087326050"
"0.001371078","98.555084229"
"0.004131418","98.555084229"
"0.001371078","99.025047302"
"0.004131418","99.025047302"
"0.001365206","99.497253418"
"0.004131418","99.497253418"
"0.001365206","99.971733093"
"0.004131418","99.971733093"
"0.001365206","100.448417664"
"0.004131418","100.448417664"
"0.001365206","100.927436829"
"0.004131418","100.927436829"
"0.001365206","101.408737183"
"0.004131418","101.408737183"
"0.001365206","101.892280579"
"0.004131418","101.892280579"
